{
  "project_info": {
    "project_number": "651998357811",
    "firebase_url": "https://panti-peduli-d60a5-default-rtdb.firebaseio.com",
    "project_id": "panti-peduli-d60a5",
    "storage_bucket": "panti-peduli-d60a5.appspot.com"
  },
  "client": [
    {
      "client_info": {
        "mobilesdk_app_id": "1:651998357811:android:d33e0055cf7cc17d1db646",
        "android_client_info": {
          "package_name": "com.ridwan.pantipeduli"
        }
      },
      "oauth_client": [],
      "api_key": [
        {
          "current_key": "AIzaSyCM8XMRdFtzndJ-s5JkpQkSzIiW7kEynOA"
        }
      ],
      "services": {
        "appinvite_service": {
          "other_platform_oauth_client": []
        }
      }
    }
  ],
  "configuration_version": "1"
}